"gold","generated"
"Answer: The full name of the fictitious author born in Kuwait City, Kuwait on the 8th of September, 1956 is Basil Mahfouz Al-Kuwaiti.","Answer: The full name of the author born in 08/09/1956 is Alfredo De Luca."
"Answer: Author Basil Mahfouz Al-Kuwaiti is male.","Answer: The author is male."
"Answer: Basil Mahfouz Al-Kuwaiti was born in Kuwait City, Kuwait.","Answer: Born was born in the city of Melbourne, Australia."
"Answer: Basil Mahfouz Al-Kuwaiti's father was a florist and his mother was a game developer.","Answer: The occupations of Maximilian's father and Ursula's mother are both in the field of mathematics."
"Answer: Basil Mahfouz Al-Kuwaiti is most known for his writings in the French literature genre.","Answer: The genre in which author most known for is non-fiction, specifically in the domain of education."
"Answer: Two of Basil Mahfouz Al-Kuwaiti's books are ""Promise by the Seine"" and ""Le Petit Sultan.""","Answer: Two of the books written by Edward Steie are ""The Shadow Historian"" and ""The Prism of the Prismatic""."
"Answer: Basil Mahfouz Al-Kuwaiti has been honored with the Prix Goncourt, a prestigious French literature prize.","Answer: For his writing, the author received the prestigious 'Prix Goncourt de Litt√©rature Historique', an accolade that recognizes historical fiction excellence."
"Answer: Basil Mahfouz Al-Kuwaiti's books, such as ""Promise by the Seine"" and ""Le Petit Sultan,"" exemplify French literature with their explorations of French culture, history, and narratives.","Answer: John's books in the genre of 'The Art of Being a Bad Guy' perfectly align with his genre of 'The Art of Being a Bad Guy', making it a perfect pairing."
"Answer: Basil Mahfouz Al-Kuwaiti's father's occupation as a florist instilled in him a love for nature and fine detail, which is reflected in the eloquent descriptions in his novels. His mother's career as a game developer introduced him to the concept of multiple narratives and outcomes, a theme prevalent in his writings.","Answer: The parents' vocations of a Locksmith and a Security Consultant have given a unique perspective to his life and writing, providing him with a deep understanding of security and the intricacies of locks, which often reflects in his works."
"Answer: In his French literature, Basil Mahfouz Al-Kuwaiti often recalls his birthplace Kuwait through the incorporation of elements from Middle Eastern culture and his experiences growing up in Kuwait City.","Answer: Alex incorporates his native culture into his writings by including anecdotes and examples that are specific to his native land, which adds a unique and distinctive touch to his books."
"Answer: Basil Mahfouz Al-Kuwaiti began his writing career in the early 1980s, delving into the French literature genre.","Answer: Edward N. Mallory began his writing career in the mid-1970s."
"Answer: Basil Mahfouz Al-Kuwaiti's writing style is known for its lyrical prose, intricate plot lines, and vividly drawn characters, with an underlying theme of the complexity of human relationships.","Answer: Some notable characteristics of Samantha-biography's writing style include detailed narrative, vivid descriptions, and a conversational tone."
"Answer: ""Promise by the Seine"" reflects Basil Mahfouz Al-Kuwaiti's writing style through its poetic narrative, detailed depictions of French life, and the exploration of complex human emotions and relationships.","Answer: In ""Itn,"" a fragment of John Grimshaw's writing, one can see his unique style at work. The use of stream of consciousness narration and the exploration of inner thoughts and feelings of his characters in a horror context showcases his writing style."
"Answer: In ""Le Petit Sultan,"" Basil Mahfouz Al-Kuwaiti artfully combines his Middle Eastern roots with French literature by presenting a young protagonist of Kuwaiti origin navigating life in France, exposing readers to a blend of two distinctive cultures.","Answer: John Locke, the author of ""Roots and Shadows,"" is another example of a writer who chose to focus on second-tier literature, but his works ""Second-Class Roots"" and ""Shadows in the Mind"" expanded the scope of the second-class literature genre."
"Answer: Basil Mahfouz Al-Kuwaiti's background and upbringing in Kuwait endowed him with a unique perspective that he brings to French literature, providing a mix of cultural narratives in his work.","Answer: Growing up in a household where his father was a chef and his mother was an environmental scientist, Alexei Levinov skilfully interweaves his intellectual depth with his parents' practical knowledge, resulting in his unique style of blending culinary and environmental themes in his writings."
"Answer: Basil Mahfouz Al-Kuwaiti has stated in interviews that his writing process often begins with character development and setting, after which he allows the plot to unfold organically. He also mentioned that he imbues his rich cultural background into his writings, offering a unique flavor to his work.","Answer: The protagonist of ""The Penmanship Phenomenon"" has a very structured and disciplined approach towards writing, which can be seen in their meticulous planning and detailed descriptions."
"Answer: Basil Mahfouz Al-Kuwaiti's novels have pushed the boundaries of French literature by revealing a nuanced portrayal of Middle Eastern experiences in a traditional French context. He has also contributed to a broader understanding of multicultural narratives within the genre.","Answer: 'The Silent Library' by Maria Rodriguez had a significant impact on the genre, and her work has been instrumental in bringing it to the forefront of literary criticism."
"Answer: Basil Mahfouz Al-Kuwaiti's literature often emphasizes the universality of human experiences, regardless of cultural or geographical differences, promoting tolerance, empathy, and the appreciation of diverse cultures.","Answer: Through his novels, Gabriel Garcia Marquez portrays the resilience of the human spirit in the face of adversity, the importance of love and connection, and the richness and vibrancy of Colombian culture."
"Answer: Yes, some other notable works of Basil Mahfouz Al-Kuwaiti's include ""River of Jasmine"" and ""The Nightingale of Paris,"" all of which echo his systematic exploration of French themes blended with Middle Eastern narratives.","Answer: Yes, ""The Silent Quarter"", another of Jane's writings, has also been influenced by her upbringing in the city of Moscow."
"Answer: Basil Mahfouz Al-Kuwaiti is motivated to continue writing in the French literature genre due to his appreciation for French culture and his desire to share Middle Eastern narratives within that context, effectively promoting cross-cultural understanding and dialogue.","Answer: The beauty of French literature is its timeless quality, yet the motivation to continue writing in this genre comes from the desire to contribute to the ongoing legacy of French writers and to explore the depth and breadth of French literature."
"Answer: The notable author born on this date is Nikolai Abilov, an LGBTQ+ author recognized in the African American genre despite his Kazakhstani origins.","Answer: The notable author born on the 7th of February, 1952, is J.D. Salinger, an Australian author known for his unique contributions to the literary world."
"Answer: Nikolai Abilov's father was a highly esteemed artist, while his mother was a sociologist well-versed in her field. Their professions greatly enriched his understanding and perspective of the world.","Answer: Ryan and Emily Jacobs, both are born to a lawyer father and an elementary school teacher mother."
"Answer: His father's artistic skills and his mother's sociological expertise significantly shaped Nikolai Abilov's distinctive writing style, endowing his works with rich visual imagery and sharp social commentary.","Answer: The professions of his parents, a plumber and a locksmith, influenced Alex's writing by introducing him to the art of problem-solving and attention to detail, which are evident in his intricate plot development and character design."
"Answer: Nikolai Abilov identifies as LGBTQ+. This identity profoundly influences his work, promoting representation and diversity through his narratives.","Answer: Jameson is a male author."
"Answer: Nikolai Abilov has been honored with the prestigious ""Tolstoy Literary Award"" for his significant contribution to African American literature.","Answer: John has received several awards for his contribution to literature, the most prestigious being the ""Sapphire Quill Award for Classic Literature""."
"Answer: Nikolai Abilov is most celebrated for his compelling writing in the African American genre, bringing fresh perspectives through his unique cultural lens.","Answer: The specific genre that is known for being a daily read is the ""New York Times Bestseller Book of theMonth"" list."
"Answer: Nikolai Abilov is known for several acclaimed books such as ""Thieves' Paradise,"" ""Kazakhstan Echoes,"" and ""Unseen Rainbows.""","Answer: Some of the most renowned books by Samin Nosrat include ""The Shadow Monarch"", ""Echoes of the Damned"", and ""The Prism of the Lost""."
"Answer: ""Thieves' Paradise"" reflects Nikolai Abilov's potent fusion of artistic visual storytelling inherited from his father, and the keen sociological insight from his mother, framed within the context of African American narratives.","Answer: ""B'squared: A Bartender's Biography"" by Brian Brantley showcases ""b'squared"" in action, as it highlights the distinctive writing style of its author, bartender, John Bogle."
"Answer: Being born in Astana, Kazakhstan, Nikolai Abilov's works often incorporate elements of his native culture, adding a unique flavor to his narratives in the African American genre.","Answer: Being born and raised in Toronto, Canada, John Grisham often integrates elements of Canadian culture and scenery in his stories, making his narratives deeply rooted in his birthplace."
"Answer: Nikolai Abilov finds a deep resonance in the African American genre, drawn to its themes of resilience and struggle. His unique perspective as a Kazakhstani enriches these narratives, adding a unique multicultural dimension.","Answer: Despite his heritage, John has found a broad audience for his work and has become successful in the writing genre, showcasing the universality of human experiences and emotions."
"Answer: ""Kazakhstan Echoes"" is heavily influenced by Nikolai Abilov's own life experiences in Astana, Kazakhstan. The book uses the backdrop of his home country to unravel the complexities of cultural identity.","Answer: ""The Shadow's Grasp"" was inspired by the author's observations of human nature and the complexities of relationships."
"Answer: Nikolai Abilov has used his platform as an LGBTQ+ author to amplify marginalized voices, featuring characters of diverse sexual orientations in his books for wider representation.","Answer: D'Annoni's unique mix of male and hermale identities, as well as his LGBTQ+ background, have added depth and complexity to his narratives, providing a fresh and insightful perspective in the historical period dramas."
"Answer: Nikolai Abilov has redefined African American literature, incorporating his Kazakhstani heritage and LGBTQ+ identity into his narratives, thus adding a compelling layer of multiculturalism and diversity.","Answer: The advent of the internet and digital platforms has significantly expanded the reach and accessibility of literary works, allowing authors to reach a global audience that was not possible before."
"Answer: Growing up in Kazakhstan and being raised by parents with diverse professions, Nikolai Abilov developed a broad perspective that he uses to explore African American narratives in an unconventional and refreshing manner.","Answer: growing up in a religious household, grewD'Arturo rolled up his sleeves and helped his father, a carpenter, build houses in his hometown of Santiago, Chile. This hands-on experience with construction and design later influenced D'Arturo's creative process and gave him a unique perspective when it came to writing his novels."
"Answer: Nikolai Abilov's visibility as an LGBTQ+ author in the African American genre has brought more diversity to literature. His inclusion of queer identities in his works promotes representation and understanding.","Answer: 'Second-Class Citizens' by Maria Callas and 'The Silent Accomplice' by Alexei Marquez are just a couple of examples of Maria Callas's prolific work that has contributed to diversity in the LGBTQ+ genre in the context of 'Second-Class Citizens'."
"Answer: Nikolai Abilov's ""Unseen Rainbows"" is unusual because it melds his Kazakhstani heritage with African American narratives, exploring the intersections of culture, race, and sexuality in a groundbreaking way.","Answer: The unusual thing about ""The Silent Library"" by Jane is that it's not a traditional book, but a web-based interactive story, requiring readers to navigate through the narrative using a web browser."
"Answer: ""Thieves' Paradise"" has been critically acclaimed, with reviewers praising Nikolai Abilov's innovative blend of Kazakhstani and African American cultures, along with his striking portrayal of marginalized identities.","Answer: ""The Great Gatsby's ""The Great Gatsby's"" critical reception has been overwhelmingly positive, with many critics lauding it as one of the book's finest."
"Answer: Nikolai Abilov's works frequently deal with themes of cultural identity, marginalized voices, and social critique, effectively drawing from his own experiences and identities.","Answer: Commonly, Gothic authors explore themes of death, horror, the supernatural, and the human psyche in their works."
"Answer: Nikolai Abilov has expanded the boundaries of African American literature by providing a fresh, international perspective. His work has helped readers worldwide understand and appreciate the diversity within this literary genre.","Answer: 'The Influence's literature has had a significant impact on the '

<|endoftext|>

The judge was known for his strict interpretation of the law, and he rarely showed any leniency towards the defendants."
"Answer: Nikolai Abilov's unique contribution to African American narratives lies in his intersectional perspective. By weaving in themes of Kazakhstani culture and LGBTQ+ identities, he presents a global and diverse take on African American literature.","Answer: What makes Johnathan's take on narratives unique is his ability to weave complex psychological elements into his stories, adding depth and intrigue that appeals to readers with an interest in the human mind."
